Name,Price,Rating,Instock
A Light in the Attic,51.77,Three,True
Tipping the Velvet,53.74,One,True
Soumission,50.10,One,True
Sharp Objects,47.82,Four,True
Sapiens: A Brief History of Humankind,54.23,Five,True
The Requiem Red,22.65,One,True
The Dirty Little Secrets of Getting Your Dream Job,33.34,Four,True
"The Coming Woman: A Novel Based on the Life of the Infamous Feminist, Victoria Woodhull",17.93,Three,True
The Boys in the Boat: Nine Americans and Their Epic Quest for Gold at the 1936 Berlin Olympics,22.60,Four,True
The Black Maria,52.15,One,True
"Starving Hearts (Triangular Trade Trilogy, #1)",13.99,Two,True
Shakespeare's Sonnets,20.66,Four,True
Set Me Free,17.46,Five,True
Scott Pilgrim's Precious Little Life (Scott Pilgrim #1),52.29,Five,True
Rip it Up and Start Again,35.02,Five,True
"Our Band Could Be Your Life: Scenes from the American Indie Underground, 1981-1991",57.25,Three,True
Olio,23.88,One,True
Mesaerion: The Best Science Fiction Stories 1800-1849,37.59,One,True
Libertarianism for Beginners,51.33,Two,True
It's Only the Himalayas,45.17,Two,True
In Her Wake,12.84,One,True
How Music Works,37.32,Two,True
"Foolproof Preserving: A Guide to Small Batch Jams, Jellies, Pickles, Condiments, and More: A Foolproof Guide to Making Small Batch Jams, Jellies, Pickles, Condiments, and More",30.52,Three,True
Chase Me (Paris Nights #2),25.27,Five,True
Black Dust,34.53,Five,True
Birdsong: A Story in Pictures,54.64,Three,True
America's Cradle of Quarterbacks: Western Pennsylvania's Football Factory from Johnny Unitas to Joe Montana,22.50,Three,True
Aladdin and His Wonderful Lamp,53.13,Three,True
Worlds Elsewhere: Journeys Around Shakespeareâs Globe,40.30,Five,True
Wall and Piece,44.18,Four,True
The Four Agreements: A Practical Guide to Personal Freedom,17.66,Five,True
The Five Love Languages: How to Express Heartfelt Commitment to Your Mate,31.05,Three,True
The Elephant Tree,23.82,Five,True
The Bear and the Piano,36.89,One,True
Sophie's World,15.94,Five,True
Penny Maybe,33.29,Three,True
Maude (1883-1993):She Grew Up with the country,18.02,Two,True
"In a Dark, Dark Wood",19.63,One,True
Behind Closed Doors,52.22,Four,True
You can't bury them all: Poems,33.63,Two,True
Slow States of Collapse: Poems,57.31,Three,True
Reasons to Stay Alive,26.41,Two,True
Private Paris (Private #10),47.61,Five,True
#HigherSelfie: Wake Up Your Life. Free Your Soul. Find Your Tribe.,23.11,Five,True
Without Borders (Wanderlove #1),45.07,Two,True
When We Collided,31.77,One,True
"We Love You, Charlie Freeman",50.27,Five,True
Untitled Collection: Sabbath Poems 2014,14.27,Four,True
"Unseen City: The Majesty of Pigeons, the Discreet Charm of Snails & Other Wonders of the Urban Wilderness",44.18,Four,True
Unicorn Tracks,18.78,Three,True
"Unbound: How Eight Technologies Made Us Human, Transformed Society, and Brought Our World to the Brink",25.52,One,True
Tsubasa: WoRLD CHRoNiCLE 2 (Tsubasa WoRLD CHRoNiCLE #2),16.28,One,True
Throwing Rocks at the Google Bus: How Growth Became the Enemy of Prosperity,31.12,Three,True
This One Summer,19.49,Four,True
Thirst,17.27,Five,True
The Torch Is Passed: A Harding Family Story,19.09,One,True
The Secret of Dreadwillow Carse,56.13,One,True
"The Pioneer Woman Cooks: Dinnertime: Comfort Classics, Freezer Food, 16-Minute Meals, and Other Delicious Ways to Solve Supper!",56.41,One,True
The Past Never Ends,56.50,Four,True
The Natural History of Us (The Fine Art of Pretending #2),45.22,Three,True
The Nameless City (The Nameless City #1),38.16,Four,True
The Murder That Never Was (Forensic Instincts #5),54.11,Three,True
The Most Perfect Thing: Inside (and Outside) a Bird's Egg,42.96,Four,True
"The Mindfulness and Acceptance Workbook for Anxiety: A Guide to Breaking Free from Anxiety, Phobias, and Worry Using Acceptance and Commitment Therapy",23.89,Four,True
The Life-Changing Magic of Tidying Up: The Japanese Art of Decluttering and Organizing,16.77,Three,True
"The Inefficiency Assassin: Time Management Tactics for Working Smarter, Not Longer",20.59,Five,True
The Gutsy Girl: Escapades for Your Life of Epic Adventure,37.13,One,True
The Electric Pencil: Drawings from Inside State Hospital No. 3,56.06,One,True
The Death of Humanity: and the Case for Life,58.11,Four,True
"The Bulletproof Diet: Lose up to a Pound a Day, Reclaim Energy and Focus, Upgrade Your Life",49.05,Three,True
The Art Forger,40.76,Three,True
The Age of Genius: The Seventeenth Century and the Birth of the Modern Mind,19.73,One,True
The Activist's Tao Te Ching: Ancient Advice for a Modern Revolution,32.24,Five,True
Spark Joy: An Illustrated Master Class on the Art of Organizing and Tidying Up,41.83,Four,True
Soul Reader,39.58,Two,True
Security,39.25,Two,True
"Saga, Volume 6 (Saga (Collected Editions) #6)",25.02,Three,True
"Saga, Volume 5 (Saga (Collected Editions) #5)",51.04,Two,True
Reskilling America: Learning to Labor in the Twenty-First Century,19.83,Two,True
"Rat Queens, Vol. 3: Demons (Rat Queens (Collected Editions) #11-15)",50.40,Three,True
"Princess Jellyfish 2-in-1 Omnibus, Vol. 01 (Princess Jellyfish 2-in-1 Omnibus #1)",13.61,Five,True
Princess Between Worlds (Wide-Awake Princess #5),13.34,Five,True
"Pop Gun War, Volume 1: Gift",18.97,One,True
"Political Suicide: Missteps, Peccadilloes, Bad Calls, Backroom Hijinx, Sordid Pasts, Rotten Breaks, and Just Plain Dumb Mistakes in the Annals of American Politics",36.28,Two,True
Patience,10.16,Three,True
"Outcast, Vol. 1: A Darkness Surrounds Him (Outcast #1)",15.44,Four,True
orange: The Complete Collection 1 (orange: The Complete Collection #1),48.41,One,True
Online Marketing for Busy Authors: A Step-By-Step Guide,46.35,One,True
On a Midnight Clear,14.07,Three,True
Obsidian (Lux #1),14.86,Two,True
My Paris Kitchen: Recipes and Stories,33.37,Two,True
Masks and Shadows,56.40,Two,True
"Mama Tried: Traditional Italian Cooking for the Screwed, Crude, Vegan, and Tattooed",14.02,Four,True
"Lumberjanes, Vol. 2: Friendship to the Max (Lumberjanes #5-8)",46.91,Two,True
"Lumberjanes, Vol. 1: Beware the Kitten Holy (Lumberjanes #1-4)",45.61,Three,True
Lumberjanes Vol. 3: A Terrible Plan (Lumberjanes #9-12),19.92,Two,True
"Layered: Baking, Building, and Styling Spectacular Cakes",40.11,One,True
Judo: Seven Steps to Black Belt (an Introductory Guide for Beginners),53.90,Two,True
Join,35.67,Five,True
In the Country We Love: My Family Divided,22.00,Four,True
Immunity: How Elie Metchnikoff Changed the Course of Modern Medicine,57.36,Five,True
"I Hate Fairyland, Vol. 1: Madly Ever After (I Hate Fairyland (Compilations) #1-5)",29.17,Two,True
I am a Hero Omnibus Volume 1,54.63,Three,True
How to Be Miserable: 40 Strategies You Already Use,46.03,One,True
Her Backup Boyfriend (The Sorensen Family #1),33.97,One,True
"Giant Days, Vol. 2 (Giant Days #5-8)",22.11,Two,True
Forever and Forever: The Courtship of Henry Longfellow and Fanny Appleton,29.69,Three,True
First and First (Five Boroughs #3),15.97,Four,True
Fifty Shades Darker (Fifty Shades #2),21.96,One,True
Everydata: The Misinformation Hidden in the Little Data You Consume Every Day,54.35,Two,True
"Don't Be a Jerk: And Other Practical Advice from Dogen, Japan's Greatest Zen Master",37.97,Two,True
Danganronpa Volume 1,51.99,Four,True
Crown of Midnight (Throne of Glass #2),43.29,Three,True
"Codename Baboushka, Volume 1: The Conclave of Death",36.72,Four,True
Camp Midnight,17.08,Four,True
Call the Nurse: True Stories of a Country Nurse on a Scottish Isle,29.14,Five,True
Burning,28.81,Three,True
Bossypants,49.46,Two,True
"Bitch Planet, Vol. 1: Extraordinary Machine (Bitch Planet (Collected Editions))",37.92,Two,True
"Avatar: The Last Airbender: Smoke and Shadow, Part 3 (Smoke and Shadow #3)",28.09,Two,True
Algorithms to Live By: The Computer Science of Human Decisions,30.81,One,True
A World of Flavor: Your Gluten Free Passport,42.95,One,True
"A Piece of Sky, a Grain of Rice: A Memoir in Four Meditations",56.76,Five,True
A Murder in Time,16.64,One,True
A Flight of Arrows (The Pathfinders #2),55.53,Five,True
A Fierce and Subtle Poison,28.13,Four,True
A Court of Thorns and Roses (A Court of Thorns and Roses #1),52.37,One,True
(Un)Qualified: How God Uses Broken People to Do Big Things,54.00,Five,True
You Are What You Love: The Spiritual Power of Habit,21.87,Four,True
"William Shakespeare's Star Wars: Verily, A New Hope (William Shakespeare's Star Wars #4)",43.30,Four,True
Tuesday Nights in 1980,21.04,Two,True
Tracing Numbers on a Train,41.60,Three,True
Throne of Glass (Throne of Glass #1),35.07,Three,True
Thomas Jefferson and the Tripoli Pirates: The Forgotten War That Changed American History,59.64,One,True
Thirteen Reasons Why,52.72,One,True
The White Cat and the Monk: A Retelling of the Poem âPangur BÃ¡nâ,58.08,Four,True
The Wedding Dress,24.12,One,True
The Vacationers,42.15,Four,True
The Third Wave: An Entrepreneurâs Vision of the Future,12.61,Five,True
The Stranger,17.44,Four,True
The Shadow Hero (The Shadow Hero),33.14,One,True
The Secret (The Secret #1),27.37,Four,True
The Regional Office Is Under Attack!,51.36,Five,True
The Psychopath Test: A Journey Through the Madness Industry,36.00,Two,True
The Project,10.65,One,True
The Power of Now: A Guide to Spiritual Enlightenment,43.54,Two,True
The Omnivore's Dilemma: A Natural History of Four Meals,38.21,Two,True
The Nerdy Nummies Cookbook: Sweet Treats for the Geek in All of Us,37.34,Five,True
The Murder of Roger Ackroyd (Hercule Poirot #4),44.10,Four,True
The Mistake (Off-Campus #2),43.29,Three,True
The Matchmaker's Playbook (Wingmen Inc. #1),55.85,One,True
The Love and Lemons Cookbook: An Apple-to-Zucchini Celebration of Impromptu Cooking,37.60,Two,True
The Long Shadow of Small Ghosts: Murder and Memory in an American City,10.97,One,True
The Kite Runner,41.82,Four,True
The House by the Lake,36.95,One,True
The Glittering Court (The Glittering Court #1),44.28,One,True
The Girl on the Train,55.02,Two,True
The Genius of Birds,17.24,One,True
The Emerald Mystery,23.15,Two,True
The Cookies & Cups Cookbook: 125+ sweet & savory recipes reminding you to Always Eat Dessert First,41.25,One,True
The Bridge to Consciousness: I'm Writing the Bridge Between Science and Our Old and New Beliefs.,32.00,Three,True
The Artist's Way: A Spiritual Path to Higher Creativity,38.49,Five,True
The Art of War,33.34,Five,True
The Argonauts,10.93,Two,True
The 10% Entrepreneur: Live Your Startup Dream Without Quitting Your Day Job,27.55,Three,True
Suddenly in Love (Lake Haven #1),55.99,Two,True
Something More Than This,16.24,Four,True
Soft Apocalypse,26.12,Two,True
So You've Been Publicly Shamed,12.23,Two,True
Shoe Dog: A Memoir by the Creator of NIKE,23.99,Two,True
"Shobu Samurai, Project Aryoku (#3)",29.06,Three,True
Secrets and Lace (Fatal Hearts #1),20.27,One,True
Scarlett Epstein Hates It Here,43.55,Five,True
Romero and Juliet: A Tragic Tale of Love and Zombies,36.94,One,True
Redeeming Love,20.47,Five,True
Poses for Artists Volume 1 - Dynamic and Sitting Poses: An Essential Reference for Figure Drawing and the Human Form,41.06,One,True
Poems That Make Grown Women Cry,14.19,Four,True
"Nightingale, Sing",38.28,One,True
Night Sky with Exit Wounds,41.05,One,True
Mrs. Houdini,30.25,Five,True
Modern Romance,28.26,Five,True
Miss Peregrineâs Home for Peculiar Children (Miss Peregrineâs Peculiar Children #1),10.76,One,True
Louisa: The Extraordinary Life of Mrs. Adams,16.85,Two,True
Little Red,13.47,Three,True
Library of Souls (Miss Peregrineâs Peculiar Children #3),48.56,Five,True
Large Print Heart of the Pride,19.15,Two,True
I Had a Nice Time And Other Lies...: How to find love & sh*t like that,57.36,Four,True
Hollow City (Miss Peregrineâs Peculiar Children #2),42.98,One,True
Grumbles,22.16,Two,True
Full Moon over Noahâs Ark: An Odyssey to Mount Ararat and Beyond,49.43,Four,True
Frostbite (Vampire Academy #2),29.99,Five,True
Follow You Home,21.36,One,True
First Steps for New Christians (Print Edition),29.00,One,True
Finders Keepers (Bill Hodges Trilogy #2),53.53,Five,True
"Fables, Vol. 1: Legends in Exile (Fables #1)",41.62,Four,True
Eureka Trivia 6.0,54.59,Four,True
Drive: The Surprising Truth About What Motivates Us,34.95,Four,True
Done Rubbed Out (Reightman & Bailey #1),37.72,Five,True
Doing It Over (Most Likely To #1),35.61,Three,True
"Deliciously Ella Every Day: Quick and Easy Recipes for Gluten-Free Snacks, Packed Lunches, and Simple Meals",42.16,Three,True
Dark Notes,19.19,Five,True
"Daring Greatly: How the Courage to Be Vulnerable Transforms the Way We Live, Love, Parent, and Lead",19.43,Three,True
Close to You,49.46,Four,True
Chasing Heaven: What Dying Taught Me About Living,37.80,Two,True
Big Magic: Creative Living Beyond Fear,30.80,Three,True
Becoming Wise: An Inquiry into the Mystery and Art of Living,27.43,Two,True
Beauty Restored (Riley Family Legacy Novellas #3),11.11,Two,True
Batman: The Long Halloween (Batman),36.50,Two,True
Batman: The Dark Knight Returns (Batman),15.38,Five,True
Ayumi's Violin,15.48,Two,True
Anonymous,46.82,Four,True
Amy Meets the Saints and Sages,18.46,Three,True
Amid the Chaos,36.58,One,True
Amatus,50.54,Five,True
Agnostic: A Spirited Manifesto,12.51,Five,True
Zealot: The Life and Times of Jesus of Nazareth,24.70,Three,True
You (You #1),43.61,Five,True
"Wonder Woman: Earth One, Volume One (Wonder Woman: Earth One #1)",37.34,Four,True
Wild Swans,14.36,Two,True
Why the Right Went Wrong: Conservatism--From Goldwater to the Tea Party and Beyond,52.65,Four,True
Whole Lotta Creativity Going On: 60 Fun and Unusual Exercises to Awaken and Strengthen Your Creativity,38.20,Four,True
What's It Like in Space?: Stories from Astronauts Who've Been There,19.60,Two,True
"We Are Robin, Vol. 1: The Vigilante Business (We Are Robin #1)",53.90,One,True
Walt Disney's Alice in Wonderland,12.96,Five,True
V for Vendetta (V for Vendetta Complete),37.10,Four,True
Until Friday Night (The Field Party #1),46.31,Two,True
"Unbroken: A World War II Story of Survival, Resilience, and Redemption",45.95,Two,True
Twenty Yawns,22.08,Two,True
Through the Woods,25.38,Two,True
This Is Where It Ends,27.12,Two,True
The Year of Magical Thinking,43.04,Two,True
The Wright Brothers,56.80,Four,True
The White Queen (The Cousins' War #1),25.91,Five,True
The Wedding Pact (The O'Malleys #2),32.61,Three,True
The Time Keeper,27.88,Five,True
The Testament of Mary,52.67,Four,True
The Star-Touched Queen,46.02,Five,True
The Songs of the Gods,44.48,Five,True
The Song of Achilles,37.40,Five,True
The Rosie Project (Don Tillman #1),54.04,One,True
The Power of Habit: Why We Do What We Do in Life and Business,16.88,Three,True
The Marriage of Opposites,28.08,Four,True
The Lucifer Effect: Understanding How Good People Turn Evil,10.40,One,True
The Long Haul (Diary of a Wimpy Kid #9),44.07,One,True
The Loney,23.40,One,True
The Literature Book (Big Ideas Simply Explained),17.43,Three,True
The Last Mile (Amos Decker #2),54.21,Two,True
The Immortal Life of Henrietta Lacks,40.67,Two,True
The Hidden Oracle (The Trials of Apollo #1),52.26,Two,True
The Help Yourself Cookbook for Kids: 60 Easy Plant-Based Recipes Kids Can Make to Stay Healthy and Save the Earth,28.77,Three,True
The Guilty (Will Robie #4),13.82,Two,True
The First Hostage (J.B. Collins #2),25.85,Three,True
The Dovekeepers,48.78,One,True
The Darkest Lie,35.35,Five,True
The Bane Chronicles (The Bane Chronicles #1-11),44.73,Four,True
The Bad-Ass Librarians of Timbuktu: And Their Race to Save the Worldâs Most Precious Manuscripts,15.77,One,True
The 14th Colony (Cotton Malone #11),39.24,One,True
That Darkness (Gardiner and Renner #1),13.92,One,True
Tastes Like Fear (DI Marnie Rome #3),10.69,One,True
Take Me with You,45.21,Three,True
Swell: A Year of Waves,45.58,One,True
Superman Vol. 1: Before Truth (Superman by Gene Luen Yang #1),11.89,Five,True
Still Life with Bread Crumbs,26.41,Three,True
Steve Jobs,39.50,Five,True
Sorting the Beef from the Bull: The Science of Food Fraud Forensics,44.74,Four,True
Someone Like You (The Harrisons #2),52.79,Five,True
"So Cute It Hurts!!, Vol. 6 (So Cute It Hurts!! #6)",35.43,Four,True
Shtum,55.84,Four,True
See America: A Celebration of Our National Parks & Treasured Sites,48.87,Three,True
salt.,46.78,Four,True
Robin War,47.82,Three,True
"Red Hood/Arsenal, Vol. 1: Open for Business (Red Hood/Arsenal #1)",25.48,Two,True
Rain Fish,23.57,Three,True
"Quarter Life Poetry: Poems for the Young, Broke and Hangry",50.89,Five,True
Pet Sematary,10.56,Three,True
"Overload: How to Unplug, Unwind, and Unleash Yourself from the Pressure of Stress",52.15,Three,True
Once Was a Time,18.28,Two,True
Old School (Diary of a Wimpy Kid #10),11.83,Five,True
No Dream Is Too High: Life Lessons From a Man Who Walked on the Moon,21.95,Two,True
"Naruto (3-in-1 Edition), Vol. 14: Includes Vols. 40, 41 & 42 (Naruto: Omnibus #14)",38.39,Two,True
My Name Is Lucy Barton,41.56,One,True
My Mrs. Brown,24.48,Three,True
My Kind of Crazy,40.36,One,True
Mr. Mercedes (Bill Hodges Trilogy #1),28.90,One,True
More Than Music (Chasing the Dream #1),37.61,Two,True
Made to Stick: Why Some Ideas Survive and Others Die,38.85,Five,True
Luis Paints the World,53.95,Three,True
Luckiest Girl Alive,49.83,Three,True
Lowriders to the Center of the Earth (Lowriders in Space #2),51.51,Two,True
Love Is a Mix Tape (Music #1),18.03,One,True
Looking for Lovely: Collecting the Moments that Matter,29.14,Five,True
"Living Leadership by Insight: A Good Leader Achieves, a Great Leader Builds Monuments",46.91,Four,True
Let It Out: A Journey Through Journaling,26.79,Five,True
Lady Midnight (The Dark Artifices #1),16.28,Five,True
"It's All Easy: Healthy, Delicious Weeknight Meals in under 30 Minutes",19.55,One,True
Island of Dragons (Unwanteds #7),29.65,One,True
I Know What I'm Doing -- and Other Lies I Tell Myself: Dispatches from a Life Under Construction,25.98,Four,True
I Am Pilgrim (Pilgrim #1),10.60,Four,True
"Hyperbole and a Half: Unfortunate Situations, Flawed Coping Mechanisms, Mayhem, and Other Things That Happened",14.75,Five,True
"Hush, Hush (Hush, Hush #1)",47.02,Three,True
Hold Your Breath (Search and Rescue #1),28.82,One,True
Hamilton: The Revolution,58.79,Three,True
Greek Mythic History,10.23,Five,True
God: The Most Unpleasant Character in All Fiction,30.03,Five,True
Glory over Everything: Beyond The Kitchen House,45.84,Three,True
Feathers: Displays of Brilliant Plumage,49.05,Three,True
"Far & Away: Places on the Brink of Change: Seven Continents, Twenty-Five Years",15.06,Four,True
Every Last Word,46.47,Three,True
Eligible (The Austen Project #4),27.09,Three,True
El Deafo,57.62,Five,True
Eight Hundred Grapes,14.39,Four,True
"Eaternity: More than 150 Deliciously Easy Vegan Recipes for a Long, Healthy, Satisfied, Joyful Life",51.75,Five,True
"Eat Fat, Get Thin",54.07,Two,True
Don't Get Caught,55.35,One,True
Doctor Sleep (The Shining #2),40.12,Two,True
Demigods & Magicians: Percy and Annabeth Meet the Kanes (Percy Jackson & Kane Chronicles Crossover #1-3),37.51,Five,True
Dear Mr. Knightley,11.21,Five,True
Daily Fantasy Sports,36.58,One,True
Crazy Love: Overwhelmed by a Relentless God,47.72,Two,True
Cometh the Hour (The Clifton Chronicles #6),25.01,Three,True
Code Name Verity (Code Name Verity #1),22.13,Four,True
Clockwork Angel (The Infernal Devices #1),44.14,One,True
City of Glass (The Mortal Instruments #3),56.02,Four,True
City of Fallen Angels (The Mortal Instruments #4),11.23,Four,True
City of Bones (The Mortal Instruments #1),43.28,One,True
City of Ashes (The Mortal Instruments #2),47.27,One,True
Cell,20.29,Four,True
Catching Jordan (Hundred Oaks),50.83,Three,True
"Carry On, Warrior: Thoughts on Life Unarmed",31.85,Three,True
Carrie,46.23,Two,True
Buying In: The Secret Dialogue Between What We Buy and Who We Are,37.80,Four,True
Brain on Fire: My Month of Madness,49.32,Five,True
Batman: Europa,32.01,Two,True
Barefoot Contessa Back to Basics,28.01,One,True
Barefoot Contessa at Home: Everyday Recipes You'll Make Over and Over Again,50.62,Five,True
Balloon Animals,17.03,Three,True
Art Ops Vol. 1,48.80,Three,True
Aristotle and Dante Discover the Secrets of the Universe (Aristotle and Dante Discover the Secrets of the Universe #1),58.14,Four,True
Angels Walking (Angels Walking #1),34.20,Two,True
Angels & Demons (Robert Langdon #1),51.48,Three,True
All the Light We Cannot See,29.87,Five,True
"Adulthood Is a Myth: A ""Sarah's Scribbles"" Collection",10.90,Two,True
Abstract City,56.37,Five,True
A Time of Torment (Charlie Parker #14),48.35,Five,True
A Study in Scarlet (Sherlock Holmes #1),16.73,Two,True
"A Series of Catastrophes and Miracles: A True Story of Love, Science, and Cancer",56.48,Two,True
A People's History of the United States,40.79,Two,True
A Man Called Ove,39.72,One,True
A Distant Mirror: The Calamitous 14th Century,14.58,Three,True
A Brush of Wings (Angels Walking #3),55.51,One,True
1491: New Revelations of the Americas Before Columbus,21.80,Three,True
"The Three Searches, Meaning, and the Story",13.33,Three,True
Searching for Meaning in Gailana,38.73,One,True
Rook,37.86,Four,True
My Kitchen Year: 136 Recipes That Saved My Life,11.53,Two,True
13 Hours: The Inside Account of What Really Happened In Benghazi,27.06,One,True
Will You Won't You Want Me?,13.86,Three,True
Tipping Point for Planet Earth: How Close Are We to the Edge?,37.55,One,True
The Star-Touched Queen,32.30,Five,True
The Silent Sister (Riley MacPherson #1),46.29,Five,True
The Midnight Watch: A Novel of the Titanic and the Californian,26.20,One,True
The Lonely City: Adventures in the Art of Being Alone,33.26,Two,True
The Gray Rhino: How to Recognize and Act on the Obvious Dangers We Ignore,59.15,Four,True
The Golden Condom: And Other Essays on Love Lost and Found,39.43,One,True
The Epidemic (The Program 0.6),14.44,Five,True
The Dinner Party,56.54,Two,True
The Diary of a Young Girl,59.90,Three,True
The Children,11.88,Three,True
Stars Above (The Lunar Chronicles #4.5),48.05,Two,True
Snatched: How A Drug Queen Went Undercover for the DEA and Was Kidnapped By Colombian Guerillas,21.21,Three,True
Raspberry Pi Electronics Projects for the Evil Genius,49.67,Four,True
Quench Your Own Thirst: Business Lessons Learned Over a Beer or Two,43.14,One,True
Psycho: Sanitarium (Psycho #1.5),36.97,Five,True
Poisonous (Max Revere Novels #3),26.80,Three,True
One with You (Crossfire #5),15.71,Four,True
No Love Allowed (Dodge Cove #1),54.65,Four,True
Murder at the 42nd Street Library (Raymond Ambler #1),54.36,Four,True
Most Wanted,35.28,Three,True
"Love, Lies and Spies",20.55,Two,True
How to Speak Golf: An Illustrated Guide to Links Lingo,58.32,Five,True
Hide Away (Eve Duncan #20),11.84,One,True
Furiously Happy: A Funny Book About Horrible Things,41.46,Four,True
Everyday Italian: 125 Simple and Delicious Recipes,20.10,Five,True
Equal Is Unfair: America's Misguided Fight Against Income Inequality,56.86,One,True
Eleanor & Park,56.51,Five,True
Dirty (Dive Bar #1),40.83,Four,True
Can You Keep a Secret? (Fear Street Relaunch #4),48.64,One,True
Boar Island (Anna Pigeon #19),59.48,Three,True
A Paris Apartment,39.01,Four,True
"A la Mode: 120 Recipes in 60 Pairings: Pies, Tarts, Cakes, Crisps, and More Topped with Ice Cream, Gelato, Frozen Custard, and More",38.77,One,True
Troublemaker: Surviving Hollywood and Scientology,48.39,Two,True
The Widow,27.26,Two,True
"The Sleep Revolution: Transforming Your Life, One Night at a Time",11.68,Four,True
The Improbability of Love,59.45,One,True
The Art of Startup Fundraising,21.00,Three,True
Take Me Home Tonight (Rock Star Romance #3),53.98,Three,True
Sleeping Giants (Themis Files #1),48.74,One,True
"Setting the World on Fire: The Brief, Astonishing Life of St. Catherine of Siena",21.15,Two,True
Playing with Fire,13.71,Three,True
Off the Hook (Fishing for Trouble #1),47.67,Three,True
Mothering Sunday,13.34,Two,True
"Mother, Can You Not?",16.89,Five,True
M Train,27.18,One,True
Lilac Girls,17.28,Two,True
Lies and Other Acts of Love,45.14,One,True
Lab Girl,40.85,One,True
Keep Me Posted,20.46,Four,True
It Didn't Start with You: How Inherited Family Trauma Shapes Who We Are and How to End the Cycle,56.27,Three,True
Grey (Fifty Shades #4),48.49,Four,True
"Exit, Pursued by a Bear",51.34,Four,True
Daredevils,16.34,Three,True
Cravings: Recipes for What You Want to Eat,20.50,Three,True
Born for This: How to Find the Work You Were Meant to Do,21.59,Five,True
Arena,21.36,Four,True
Adultery,20.88,Five,True
A Mother's Reckoning: Living in the Aftermath of Tragedy,19.53,Three,True
A Gentleman's Position (Society of Gentlemen #3),14.75,Five,True
11/22/63,48.48,Three,True
"10% Happier: How I Tamed the Voice in My Head, Reduced Stress Without Losing My Edge, and Found Self-Help That Actually Works",24.57,Two,True
10-Day Green Smoothie Cleanse: Lose Up to 15 Pounds in 10 Days!,49.71,Five,True
Without Shame,48.27,Five,True
Watchmen,58.05,Four,True
Unlimited Intuition Now,58.87,Four,True
Underlying Notes,11.82,Two,True
The Shack,28.03,One,True
The New Brand You: Your New Image Makes the Sale for You,44.05,Five,True
"The Moosewood Cookbook: Recipes from Moosewood Restaurant, Ithaca, New York",12.34,Four,True
The Flowers Lied,16.68,Two,True
"The Fabric of the Cosmos: Space, Time, and the Texture of Reality",55.91,One,True
The Book of Mormon,24.57,Three,True
The Art and Science of Low Carbohydrate Living,52.98,Five,True
The Alien Club,54.40,One,True
Suzie Snowflake: One beautiful flake (a self-esteem story),54.81,Five,True
Nap-a-Roo,25.08,One,True
"NaNo What Now? Finding your editing process, revising your NaNoWriMo book and building a writing career through publishing and beyond",10.41,Four,True
Modern Day Fables,47.44,Two,True
If I Gave You God's Phone Number....: Searching for Spirituality in America,20.91,One,True
"Fruits Basket, Vol. 9 (Fruits Basket #9)",33.95,Four,True
Dress Your Family in Corduroy and Denim,43.68,Three,True
Don't Forget Steven,33.23,One,True
Chernobyl 01:23:40: The Incredible True Story of the World's Worst Nuclear Disaster,35.92,Two,True
Art and Fear: Observations on the Perils (and Rewards) of Artmaking,48.63,Four,True
A Shard of Ice (The Black Symphony Saga #1),56.63,Three,True
A Hero's Curse (The Unseen Chronicles #1),50.49,Three,True
23 Degrees South: A Tropical Tale of Changing Whether...,35.79,Two,True
"Zero to One: Notes on Startups, or How to Build the Future",34.06,Three,True
Why Not Me?,17.76,One,True
When Breath Becomes Air,39.36,Two,True
Vagabonding: An Uncommon Guide to the Art of Long-Term World Travel,36.94,Two,True
The Unlikely Pilgrimage of Harold Fry (Harold Fry #1),43.62,Five,True
The New Drawing on the Right Side of the Brain,43.02,Three,True
"The Midnight Assassin: Panic, Scandal, and the Hunt for America's First Serial Killer",28.45,Four,True
The Martian (The Martian #1),41.39,Two,True
The High Mountains of Portugal,51.15,One,True
The Grownup,35.88,One,True
The E-Myth Revisited: Why Most Small Businesses Don't Work and What to Do About It,36.91,One,True
South of Sunshine,28.93,One,True
Smarter Faster Better: The Secrets of Being Productive in Life and Business,38.89,Five,True
Silence in the Dark (Logan Point #4),58.33,Three,True
Shadows of the Past (Logan Point #1),39.67,Five,True
Roller Girl,14.10,Five,True
Rising Strong,21.82,Three,True
Proofs of God: Classical Arguments from Tertullian to Barth,54.21,One,True
Please Kill Me: The Uncensored Oral History of Punk,31.19,Four,True
Out of Print: City Lights Spotlight No. 14,53.64,Five,True
My Life Next Door (My Life Next Door ),36.39,Five,True
Miller's Valley,58.54,Two,True
Man's Search for Meaning,29.48,Three,True
"Love That Boy: What Two Presidents, Eight Road Trips, and My Son Taught Me About a Parent's Expectations",25.06,Two,True
Living Forward: A Proven Plan to Stop Drifting and Get the Life You Want,12.55,Three,True
Les Fleurs du Mal,29.04,Five,True
Left Behind (Left Behind #1),40.72,Two,True
Kill 'Em and Leave: Searching for James Brown and the American Soul,45.05,Five,True
Kierkegaard: A Christian Missionary to Christians,47.13,One,True
John Vassos: Industrial Design for Modern Life,20.22,Four,True
I'll Give You the Sun,56.48,One,True
I Will Find You,44.21,One,True
Hystopia: A Novel,21.96,Four,True
Howl and Other Poems,40.45,Two,True
History of Beauty,10.29,Four,True
Heaven is for Real: A Little Boy's Astounding Story of His Trip to Heaven and Back,52.86,Two,True
Future Shock (Future Shock #1),55.65,Five,True
Ender's Game (The Ender Quintet #1),43.64,One,True
Diary of a Citizen Scientist: Chasing Tiger Beetles and Other New Ways of Engaging the World,28.41,One,True
Death by Leisure: A Cautionary Tale,37.51,Four,True
Brilliant Beacons: A History of the American Lighthouse,11.45,Three,True
Brazen: The Courage to Find the You That's Been Hiding,19.22,Two,True
Between the World and Me,56.91,Four,True
Being Mortal: Medicine and What Matters in the End,55.06,Four,True
"A Murder Over a Girl: Justice, Gender, Junior High",13.20,Three,True
32 Yolks,53.63,Two,True
"""Most Blessed of the Patriarchs"": Thomas Jefferson and the Empire of the Imagination",44.48,Five,True
You Are a Badass: How to Stop Doubting Your Greatness and Start Living an Awesome Life,12.08,Three,True
Wildlife of New York: A Five-Borough Coloring Book,22.14,Two,True
What Happened on Beale Street (Secrets of the South Mysteries #2),25.37,Five,True
Unreasonable Hope: Finding Faith in the God Who Brings Purpose to Your Pain,46.33,Two,True
Under the Tuscan Sun,37.33,Three,True
Toddlers Are A**holes: It's Not Your Fault,25.55,One,True
The Year of Living Biblically: One Man's Humble Quest to Follow the Bible as Literally as Possible,34.72,One,True
The Whale,35.96,Four,True
The Story of Art,41.14,Four,True
The Origin of Species,10.01,Four,True
The Great Gatsby,36.05,Four,True
The Good Girl,49.03,Three,True
The Glass Castle,16.24,One,True
The Faith of Christopher Hitchens: The Restless Soul of the World's Most Notorious Atheist,39.55,One,True
The Drowning Girls,35.67,Three,True
The Constant Princess (The Tudor Court #1),16.62,Three,True
The Bourne Identity (Jason Bourne #1),42.78,Four,True
The Bachelor Girl's Guide to Murder (Herringford and Watts Mysteries #1),52.30,Five,True
The Art Book,32.34,Two,True
The 7 Habits of Highly Effective People: Powerful Lessons in Personal Change,33.17,Four,True
Team of Rivals: The Political Genius of Abraham Lincoln,20.12,Five,True
Steal Like an Artist: 10 Things Nobody Told You About Being Creative,20.90,Two,True
"Sit, Stay, Love",20.90,Three,True
Sister Dear,40.20,Four,True
"Shrunken Treasures: Literary Classics, Short, Sweet, and Silly",52.87,Three,True
"Rich Dad, Poor Dad",51.74,One,True
Raymie Nightingale,34.41,Two,True
Playing from the Heart,32.38,One,True
Nightstruck: A Novel,50.35,Four,True
"Naturally Lean: 125 Nourishing Gluten-Free, Plant-Based Recipes--All Under 300 Calories",11.38,Five,True
Meternity,43.58,Three,True
Memoirs of a Geisha,49.67,Three,True
Like Never Before (Walker Family #2),28.77,Two,True
Life of Pi,13.22,Four,True
Leave This Song Behind: Teen Poetry at Its Best,51.17,Five,True
King's Folly (The Kinsman Chronicles #1),39.61,Five,True
John Adams,57.43,Four,True
How to Cook Everything Vegetarian: Simple Meatless Recipes for Great Food (How to Cook Everything),46.01,Four,True
How to Be a Domestic Goddess: Baking and the Art of Comfort Cooking,28.25,Two,True
Good in Bed (Cannie Shapiro #1),37.05,Five,True
"Fruits Basket, Vol. 7 (Fruits Basket #7)",19.57,One,True
For the Love: Fighting for Grace in a World of Impossible Standards,45.13,Three,True
Finding God in the Ruins: How God Redeems Pain,46.64,Two,True
Every Heart a Doorway (Every Heart A Doorway #1),12.16,Five,True
Delivering the Truth (Quaker Midwife Mystery #1),20.89,Four,True
Counted With the Stars (Out from Egypt #1),17.97,Five,True
"Chronicles, Vol. 1",52.60,Two,True
Blue Like Jazz: Nonreligious Thoughts on Christian Spirituality,25.77,One,True
Benjamin Franklin: An American Life,48.19,Three,True
"At The Existentialist CafÃ©: Freedom, Being, and apricot cocktails with: Jean-Paul Sartre, Simone de Beauvoir, Albert Camus, Martin Heidegger, Edmund Husserl, Karl Jaspers, Maurice Merleau-Ponty and others",29.93,Five,True
A Summer In Europe,44.34,Two,True
A Short History of Nearly Everything,52.40,Five,True
A Gathering of Shadows (Shades of Magic #2),44.81,Four,True
The Sound Of Love,57.84,Five,True
The Rise and Fall of the Third Reich: A History of Nazi Germany,39.67,Two,True
The Perks of Being a Wallflower,55.02,Three,True
The Mysterious Affair at Styles (Hercule Poirot #1),24.80,Four,True
The Man Who Mistook His Wife for a Hat and Other Clinical Tales,59.45,Four,True
The Makings of a Fatherless Child,31.58,Two,True
The Joy of Cooking,43.27,Four,True
The Invention of Wings,37.34,One,True
The Hobbit (Middle-Earth Universe),17.80,Five,True
The Great Railway Bazaar,30.54,One,True
The Golden Compass (His Dark Materials #1),18.77,One,True
The God Delusion,46.85,Three,True
The Girl You Left Behind (The Girl You Left Behind #1),15.79,One,True
The Fellowship of the Ring (The Lord of the Rings #1),10.27,Two,True
The Collected Poems of W.B. Yeats (The Collected Works of W.B. Yeats #1),15.42,Five,True
The Barefoot Contessa Cookbook,59.92,Five,True
Tell the Wolves I'm Home,50.96,Two,True
Ship Leaves Harbor: Essays on Travel by a Recovering Journeyman,30.60,Three,True
Pride and Prejudice,19.27,Four,True
Musicophilia: Tales of Music and the Brain,46.58,One,True
Mere Christianity,48.51,Three,True
Me Before You (Me Before You #1),19.02,One,True
In the Woods (Dublin Murder Squad #1),38.38,Two,True
In Cold Blood,49.98,Four,True
How to Stop Worrying and Start Living,46.49,Five,True
Give It Back,18.32,Two,True
"Girl, Interrupted",42.14,Three,True
Fun Home: A Family Tragicomic,56.59,Four,True
"Fruits Basket, Vol. 6 (Fruits Basket #6)",20.96,Four,True
Deception Point,40.32,Four,True
"Death Note, Vol. 6: Give-and-Take (Death Note #6)",36.39,Three,True
Catherine the Great: Portrait of a Woman,58.55,Four,True
Better Homes and Gardens New Cook Book,39.61,Three,True
An Unquiet Mind: A Memoir of Moods and Madness,21.30,Three,True
A Year in Provence (Provence #1),56.88,Four,True
World Without End (The Pillars of the Earth #2),32.97,Four,True
"Will Grayson, Will Grayson (Will Grayson, Will Grayson)",47.31,Four,True
Why Save the Bankers?: And Other Essays on Our Economic and Political Crisis,48.67,Two,True
Where She Went (If I Stay #2),41.73,Four,True
What If?: Serious Scientific Answers to Absurd Hypothetical Questions,53.68,Four,True
Two Summers,14.64,One,True
This Is Your Brain on Music: The Science of a Human Obsession,38.40,One,True
The Secret Garden,15.08,Four,True
The Raven King (The Raven Cycle #4),30.57,Two,True
The Raven Boys (The Raven Cycle #1),57.74,Four,True
The Power Greens Cookbook: 140 Delicious Superfood Recipes,11.05,Five,True
The Metamorphosis,28.58,One,True
The Mathews Men: Seven Brothers and the War Against Hitler's U-boats,42.91,Five,True
The Little Paris Bookshop,24.73,Three,True
The Hiding Place,55.91,Four,True
The Grand Design,13.76,Three,True
The Firm,45.56,Three,True
The Fault in Our Stars,47.22,One,True
The False Prince (The Ascendance Trilogy #1),56.00,Five,True
The Expatriates,44.58,Two,True
The Dream Thieves (The Raven Cycle #2),34.50,One,True
The Darkest Corners,11.33,Five,True
The Crossover,38.77,Four,True
The 5th Wave (The 5th Wave #1),11.83,Two,True
Tell the Wind and Fire,45.51,Three,True
Tell Me Three Things,41.81,One,True
Talking to Girls About Duran Duran: One Young Man's Quest for True Love and a Cooler Haircut,25.15,Four,True
Siddhartha,34.22,Five,True
Shiver (The Wolves of Mercy Falls #1),16.23,Five,True
Remember Me?,11.48,Three,True
Red Dragon (Hannibal Lecter #1),23.37,Three,True
Peak: Secrets from the New Science of Expertise,16.28,Two,True
My Mother Was Nuts,31.63,Four,True
Mexican Today: New and Rediscovered Recipes for Contemporary Kitchens,24.91,Five,True
Maybe Something Beautiful: How Art Transformed a Neighborhood,22.54,One,True
Lola and the Boy Next Door (Anna and the French Kiss #2),23.63,Four,True
Logan Kade (Fallen Crest High #5.5),13.12,Two,True
Last One Home (New Beginnings #1),59.98,Three,True
Killing Floor (Jack Reacher #1),31.49,Four,True
Kill the Boy Band,15.52,Five,True
Isla and the Happily Ever After (Anna and the French Kiss #3),48.13,Five,True
If I Stay (If I Stay #1),38.13,Five,True
I Know Why the Caged Bird Sings (Maya Angelou's Autobiography #1),36.55,Two,True
Harry Potter and the Deathly Hallows (Harry Potter #7),23.32,One,True
"Fruits Basket, Vol. 5 (Fruits Basket #5)",16.33,One,True
Foundation (Foundation (Publication Order) #1),32.42,One,True
Fool Me Once,16.96,One,True
Find Her (Detective D.D. Warren #8),22.37,One,True
Evicted: Poverty and Profit in the American City,42.27,One,True
Drama,38.70,Two,True
Dracula the Un-Dead,35.63,Five,True
Digital Fortress,58.00,Five,True
"Death Note, Vol. 5: Whiteout (Death Note #5)",52.41,One,True
"Data, A Love Story: How I Gamed Online Dating to Meet My Match",32.35,Three,True
Critique of Pure Reason,20.75,One,True
Booked,17.49,Five,True
"Blue Lily, Lily Blue (The Raven Cycle #3)",34.13,Five,True
Approval Junkie: Adventures in Caring Too Much,58.81,Five,True
An Abundance of Katherines,10.00,Five,True
America's War for the Greater Middle East: A Military History,51.22,Two,True
Alight (The Generations Trilogy #2),58.59,Four,True
A Girl's Guide to Moving On (New Beginnings #2),31.30,One,True
A Game of Thrones (A Song of Ice and Fire #1),46.42,Two,True
A Feast for Crows (A Song of Ice and Fire #4),17.21,Four,True
A Clash of Kings (A Song of Ice and Fire #2),10.79,Three,True
Vogue Colors A to Z: A Fashion Coloring Book,52.35,Four,True
The Shining (The Shining #1),27.88,Three,True
The Pilgrim's Progress,50.26,Two,True
The Perfect Play (Play by Play #1),59.99,Three,True
The Passion of Dolssa,28.32,Five,True
The Jazz of Physics: The Secret Link Between Music and the Structure of the Universe,38.71,Three,True
The Hunger Games (The Hunger Games #1),29.85,Five,True
The Hound of the Baskervilles (Sherlock Holmes #5),14.82,Two,True
The Gunning of America: Business and the Making of American Gun Culture,16.81,Four,True
The Geography of Bliss: One Grump's Search for the Happiest Places in the World,28.23,Two,True
The Demonists (Demonist #1),52.11,Two,True
"The Demon Prince of Momochi House, Vol. 4 (The Demon Prince of Momochi House #4)",27.88,Two,True
The Bone Hunters (Lexy Vaughan & Steven Macaulay #2),59.71,Three,True
The Beast (Black Dagger Brotherhood #14),46.08,Five,True
Some Women,13.73,Five,True
Shopaholic Ties the Knot (Shopaholic #3),48.39,Five,True
Paper and Fire (The Great Library #2),49.45,Five,True
Outlander (Outlander #1),19.67,Five,True
"Orchestra of Exiles: The Story of Bronislaw Huberman, the Israel Philharmonic, and the One Thousand Jews He Saved from Nazi Horrors",12.36,Three,True
No One Here Gets Out Alive,20.02,Five,True
Night Shift (Night Shift #1-20),12.75,Four,True
Needful Things,47.51,Four,True
Mockingjay (The Hunger Games #3),20.44,Four,True
Misery,34.79,Two,True
Little Women (Little Women #1),28.07,Four,True
It,25.01,Three,True
Harry Potter and the Sorcerer's Stone (Harry Potter #1),13.90,Three,True
Harry Potter and the Prisoner of Azkaban (Harry Potter #3),24.17,Four,True
Harry Potter and the Order of the Phoenix (Harry Potter #5),31.63,Four,True
Harry Potter and the Half-Blood Prince (Harry Potter #6),48.75,Five,True
Harry Potter and the Chamber of Secrets (Harry Potter #2),14.74,One,True
Gone with the Wind,32.49,Three,True
God Is Not Great: How Religion Poisons Everything,27.80,One,True
Girl With a Pearl Earring,26.77,One,True
"Fruits Basket, Vol. 4 (Fruits Basket #4)",50.44,Four,True
Far From True (Promise Falls Trilogy #2),34.93,Two,True
Dark Lover (Black Dagger Brotherhood #1),12.87,One,True
Confessions of a Shopaholic (Shopaholic #1),48.94,Two,True
Changing the Game (Play by Play #2),13.38,Three,True
Candide,58.63,Three,True
Can You Keep a Secret?,21.94,One,True
Atlas Shrugged,26.58,Five,True
Animal Farm,57.22,Three,True
A Walk to Remember,56.43,One,True
A New Earth: Awakening to Your Life's Purpose,55.65,Five,True
"A History of God: The 4,000-Year Quest of Judaism, Christianity, and Islam",27.62,One,True
'Salem's Lot,49.56,Four,True
Zero History (Blue Ant #3),34.77,One,True
Wuthering Heights,17.73,Three,True
World War Z: An Oral History of the Zombie War,21.80,One,True
Wild: From Lost to Found on the Pacific Crest Trail,46.02,Three,True
"Where'd You Go, Bernadette",18.13,One,True
When You Are Engulfed in Flames,30.89,Five,True
We the People: The Modern-Day Figures Who Have Reshaped and Affirmed the Founding Fathers' Vision of America,31.95,Three,True
We Are All Completely Beside Ourselves,24.04,One,True
Walk the Edge (Thunder Road #2),32.36,Three,True
Voyager (Outlander #3),21.07,Five,True
Very Good Lives: The Fringe Benefits of Failure and the Importance of Imagination,50.66,Three,True
Vegan Vegetarian Omnivore: Dinner for Everyone at the Table,13.66,Two,True
"Unstuffed: Decluttering Your Home, Mind, and Soul",58.09,One,True
Under the Banner of Heaven: A Story of Violent Faith,30.00,One,True
Two Boys Kissing,32.74,Two,True
Twilight (Twilight #1),41.93,Two,True
Twenties Girl,42.80,Two,True
"Trespassing Across America: One Man's Epic, Never-Done-Before (and Sort of Illegal) Hike Across the Heartland",53.51,One,True
Three-Martini Lunch,23.21,Three,True
"Thinking, Fast and Slow",21.14,One,True
The Wild Robot,56.07,Three,True
"The Wicked + The Divine, Vol. 3: Commercial Suicide (The Wicked + The Divine)",14.41,Three,True
The Undomestic Goddess,45.75,Four,True
The Travelers,15.77,One,True
The Tipping Point: How Little Things Can Make a Big Difference,10.02,Two,True
The Thing About Jellyfish,48.77,One,True
The Stand,57.86,Two,True
The Smitten Kitchen Cookbook,23.59,One,True
The Silkworm (Cormoran Strike #2),23.05,Five,True
"The Sandman, Vol. 3: Dream Country (The Sandman (volumes) #3)",55.55,Five,True
The Rose & the Dagger (The Wrath and the Dawn #2),58.64,Four,True
The Road to Little Dribbling: Adventures of an American in Britain (Notes From a Small Island #2),23.21,One,True
The Rise of Theodore Roosevelt (Theodore Roosevelt #1),42.57,Three,True
The Restaurant at the End of the Universe (Hitchhiker's Guide to the Galaxy #2),10.92,One,True
The Rest Is Noise: Listening to the Twentieth Century,34.77,One,True
The Red Tent,35.66,Five,True
The Purpose Driven Life: What on Earth Am I Here for?,37.19,Three,True
The Purest Hook (Second Circle Tattoos #3),12.25,One,True
The Picture of Dorian Gray,29.70,Two,True
The Paris Wife,36.80,Three,True
The Obsession,45.43,One,True
The Nightingale,26.26,Four,True
The New Guy (and Other Senior Year Distractions),44.92,Three,True
The Nanny Diaries (Nanny #1),52.53,Five,True
The Name of God is Mercy,37.25,Two,True
The Maze Runner (The Maze Runner #1),20.93,One,True
The Lover's Dictionary,58.09,Two,True
The Lonely Ones,43.59,Five,True
The Lean Startup: How Today's Entrepreneurs Use Continuous Innovation to Create Radically Successful Businesses,33.92,Three,True
The Last Painting of Sara de Vos,55.55,Two,True
"The Land of 10,000 Madonnas",29.64,Four,True
The Infinities,27.41,One,True
The Husband's Secret,52.51,Five,True
The Hitchhiker's Guide to the Galaxy (Hitchhiker's Guide to the Galaxy #1),47.80,Three,True
The Guns of August,14.54,Two,True
The Guernsey Literary and Potato Peel Pie Society,49.53,One,True
The Goldfinch,43.58,Three,True
The Giver (The Giver Quartet #1),12.30,One,True
The Girl with All the Gifts,49.47,Three,True
The Girl Who Played with Fire (Millennium Trilogy #2),22.14,Two,True
The Girl Who Kicked the Hornet's Nest (Millennium Trilogy #3),57.48,One,True
The Exiled,43.45,Three,True
"The End of Faith: Religion, Terror, and the Future of Reason",22.13,Four,True
"The Elegant Universe: Superstrings, Hidden Dimensions, and the Quest for the Ultimate Theory",13.03,Four,True
"The Disappearing Spoon: And Other True Tales of Madness, Love, and the History of the World from the Periodic Table of the Elements",57.35,Five,True
The Devil Wears Prada (The Devil Wears Prada #1),44.29,One,True
The Demon-Haunted World: Science as a Candle in the Dark,52.25,Four,True
The Day the Crayons Came Home (Crayons),26.33,Five,True
The Da Vinci Code (Robert Langdon #2),22.96,Two,True
The Cuckoo's Calling (Cormoran Strike #1),19.21,One,True
The Complete Stories and Poems (The Works of Edgar Allan Poe [Cameo Edition]),26.78,Four,True
The Complete Poems,41.32,Five,True
The Catcher in the Rye,24.55,One,True
The Cat in the Hat (Beginner Books B-1),16.26,Two,True
The Case for Christ (Cases for Christianity),47.84,One,True
The Book Thief,53.49,Two,True
The Book of Basketball: The NBA According to The Sports Guy,44.84,Five,True
The Blind Side: Evolution of a Game,53.71,Five,True
The Autobiography of Malcolm X,23.43,Two,True
"The Art of Simple Food: Notes, Lessons, and Recipes from a Delicious Revolution",34.32,Three,True
The Art of Fielding,22.10,One,True
"Surely You're Joking, Mr. Feynman!: Adventures of a Curious Character",25.83,Two,True
Stiff: The Curious Lives of Human Cadavers,36.74,Three,True
Spilled Milk: Based on a True Story,49.51,One,True
Something Borrowed (Darcy & Rachel #1),48.96,Five,True
Something Blue (Darcy & Rachel #2),54.62,One,True
Soldier (Talon #3),24.72,Two,True
Shopaholic & Baby (Shopaholic #5),46.45,Two,True
Seven Days in the Art World,52.33,Two,True
Seven Brief Lessons on Physics,30.60,Four,True
Scarlet (The Lunar Chronicles #2),14.57,Four,True
Sarah's Key,46.29,One,True
"Saga, Volume 3 (Saga (Collected Editions) #3)",21.57,Five,True
Running with Scissors,12.91,Four,True
Rogue Lawyer (Rogue Lawyer #1),50.11,Three,True
"Rise of the Rocket Girls: The Women Who Propelled Us, from Missiles to the Moon to Mars",41.67,Four,True
Rework,44.88,Two,True
Reservations for Two,11.10,Three,True
Red: The True Story of Red Riding Hood,28.54,Three,True
Ready Player One,19.07,Four,True
Quiet: The Power of Introverts in a World That Can't Stop Talking,43.55,One,True
Prodigy: The Graphic Novel (Legend: The Graphic Novel #2),43.63,Three,True
Persepolis: The Story of a Childhood (Persepolis #1-2),39.13,One,True
Packing for Mars: The Curious Science of Life in the Void,56.68,Two,True
Outliers: The Story of Success,14.16,One,True
Original Fake,31.45,Three,True
Orange Is the New Black,24.61,Two,True
One for the Money (Stephanie Plum #1),32.87,Two,True
Notes from a Small Island (Notes From a Small Island #1),40.17,One,True
Night (The Night Trilogy #1),13.51,One,True
Neither Here nor There: Travels in Europe,38.95,Three,True
Naked,31.69,Three,True
Morning Star (Red Rising #3),29.40,One,True
"Miracles from Heaven: A Little Girl, Her Journey to Heaven, and Her Amazing Story of Healing",57.83,One,True
Midnight Riot (Peter Grant/ Rivers of London - books #1),55.46,Two,True
Me Talk Pretty One Day,57.60,Two,True
Manuscript Found in Accra,34.98,Two,True
Lust & Wonder,11.87,Two,True
Lila (Gilead #3),12.47,Three,True
"Life, the Universe and Everything (Hitchhiker's Guide to the Galaxy #3)",33.26,Two,True
Life Without a Recipe,59.04,Five,True
Life After Life,26.13,Two,True
Letter to a Christian Nation,22.20,One,True
Let's Pretend This Never Happened: A Mostly True Memoir,45.11,One,True
Legend (Legend #1),43.69,Four,True
"Lean In: Women, Work, and the Will to Lead",25.02,One,True
"Lamb: The Gospel According to Biff, Christ's Childhood Pal",55.50,Five,True
Lady Renegades (Rebel Belle #3),53.04,Five,True
Jurassic Park (Jurassic Park #1),44.97,One,True
It's Never Too Late to Begin Again: Discovering Creativity and Meaning at Midlife and Beyond,42.38,One,True
Is Everyone Hanging Out Without Me? (And Other Concerns),20.11,Three,True
Into the Wild,56.70,Five,True
Inferno (Robert Langdon #4),41.00,Five,True
"In the Garden of Beasts: Love, Terror, and an American Family in Hitler's Berlin",28.85,Three,True
If I Run (If I Run #1),49.97,Four,True
I've Got Your Number,19.69,One,True
I Am Malala: The Girl Who Stood Up for Education and Was Shot by the Taliban,28.88,Two,True
Hungry Girl Clean & Hungry: Easy All-Natural Recipes for Healthy Eating in the Real World,33.14,Three,True
"House of Lost Worlds: Dinosaurs, Dynasties, and the Story of Life on Earth",43.70,Two,True
House of Leaves,54.89,One,True
Horrible Bear!,37.52,Two,True
Holidays on Ice,51.07,Two,True
Heir to the Sky,44.07,Four,True
Green Eggs and Ham (Beginner Books B-16),10.79,Four,True
"Grayson, Vol 3: Nemesis (Grayson #3)",42.72,One,True
Gratitude,26.66,Five,True
Gone Girl,37.60,Five,True
Golden (Heart of Dread #3),42.21,Four,True
Girl in the Blue Coat,46.83,Two,True
"Fruits Basket, Vol. 3 (Fruits Basket #3)",45.17,Two,True
"Friday Night Lights: A Town, a Team, and a Dream",51.22,Three,True
Fire Bound (Sea Haven/Sisters of the Heart #5),21.28,Four,True
Fifty Shades Freed (Fifty Shades #3),15.36,Five,True
Fellside,38.62,One,True
Extreme Prey (Lucas Davenport #26),25.40,Three,True
Eragon (The Inheritance Cycle #1),43.87,Three,True
Eclipse (Twilight #3),18.74,One,True
Dune (Dune #1),54.86,One,True
Dracula,52.62,Three,True
Do Androids Dream of Electric Sheep? (Blade Runner #1),51.48,One,True
Disrupted: My Misadventure in the Start-Up Bubble,15.28,Five,True
Dead Wake: The Last Crossing of the Lusitania,39.24,Five,True
"David and Goliath: Underdogs, Misfits, and the Art of Battling Giants",17.81,One,True
Darkfever (Fever #1),56.02,One,True
Dark Places,23.90,Five,True
Crazy Rich Asians (Crazy Rich Asians #1),49.13,Five,True
Counting Thyme,10.62,One,True
Cosmos,36.17,Two,True
Civilization and Its Discontents,59.95,Two,True
Cinder (The Lunar Chronicles #1),26.09,One,True
Catastrophic Happiness: Finding Joy in Childhood's Messy Years,37.35,Two,True
Career of Evil (Cormoran Strike #3),24.72,Two,True
Breaking Dawn (Twilight #4),35.28,Five,True
Brave Enough,51.32,Five,True
Boy Meets Boy,21.12,Three,True
"Born to Run: A Hidden Tribe, Superathletes, and the Greatest Race the World Has Never Seen",27.35,Two,True
Blink: The Power of Thinking Without Thinking,21.74,Five,True
Black Flags: The Rise of ISIS,40.87,One,True
"Black Butler, Vol. 1 (Black Butler #1)",49.31,One,True
Big Little Lies,22.11,One,True
Between Shades of Gray,20.79,Five,True
Best of My Love (Fool's Gold #20),27.41,Two,True
Beowulf,38.35,Two,True
Beautiful Creatures (Caster Chronicles #1),21.55,Five,True
Awkward,38.02,Two,True
Ash,22.06,Four,True
Are We There Yet?,10.66,Three,True
Are We Smart Enough to Know How Smart Animals Are?,56.58,One,True
Annie on My Mind,36.83,Five,True
And Then There Were None,35.01,Two,True
A Walk in the Woods: Rediscovering America on the Appalachian Trail,30.48,Four,True
A Visit from the Goon Squad,14.08,Five,True
A Storm of Swords (A Song of Ice and Fire #3),31.22,Two,True
A Heartbreaking Work of Staggering Genius,54.29,Five,True
8 Keys to Mental Health Through Exercise,31.04,One,True
#GIRLBOSS,50.96,One,True
"The Suffragettes (Little Black Classics, #96)",11.89,Two,True
The Sense of an Ending,31.38,Three,True
"The Sandman, Vol. 2: The Doll's House (The Sandman (volumes) #2)",54.81,One,True
The Course of Love,16.78,Three,True
Sugar Rush (Offensive Line #2),24.42,One,True
"Saga, Volume 2 (Saga (Collected Editions) #2)",11.75,Three,True
"Run, Spot, Run: The Ethics of Keeping Pets",20.02,One,True
New Moon (Twilight #2),12.86,Four,True
Life,31.58,Five,True
Kindle Paperwhite User's Guide,34.00,Three,True
H is for Hawk,57.42,Five,True
Girl Online On Tour (Girl Online #2),53.47,One,True
"Fruits Basket, Vol. 2 (Fruits Basket #2)",11.64,Five,True
Diary of a Minecraft Zombie Book 1: A Scare of a Dare (An Unofficial Minecraft Book),52.88,Four,True
"Y: The Last Man, Vol. 1: Unmanned (Y: The Last Man #1)",18.51,Four,True
While You Were Mine,41.32,Five,True
Where Lightning Strikes (Bleeding Stars #3),39.77,Three,True
When I'm Gone,51.96,Three,True
Ways of Seeing,39.51,Five,True
"Vampire Knight, Vol. 1 (Vampire Knight #1)",15.40,One,True
Vampire Girl (Vampire Girl #1),53.82,Two,True
Twenty Love Poems and a Song of Despair,30.95,Four,True
Travels with Charley: In Search of America,57.82,Five,True
Three Wishes (River of Time: California #1),44.18,Two,True
This One Moment (Pushing Limits #1),48.71,One,True
The Zombie Room,19.69,Five,True
"The Wicked + The Divine, Vol. 1: The Faust Act (The Wicked + The Divine)",36.52,Two,True
The Tumor,41.56,Five,True
The Story of Hong Gildong,43.19,Four,True
The Silent Wife,12.34,Five,True
The Silent Twin (Detective Jennifer Knight #3),36.25,Three,True
The Selfish Gene,29.45,One,True
The Secret Healer,34.56,Three,True
"The Sandman, Vol. 1: Preludes and Nocturnes (The Sandman (volumes) #1)",54.12,Three,True
The Republic,33.78,Three,True
The Odyssey,29.64,Three,True
The No. 1 Ladies' Detective Agency (No. 1 Ladies' Detective Agency #1),57.70,Four,True
The Nicomachean Ethics,36.34,One,True
The Name of the Wind (The Kingkiller Chronicle #1),50.59,Three,True
The Mirror & the Maze (The Wrath and the Dawn #1.5),29.38,One,True
The Little Prince,45.42,Two,True
The Light of the Fireflies,54.43,One,True
The Last Girl (The Dominion Trilogy #1),36.26,Two,True
The Iliad,16.16,One,True
The Hook Up (Game On #1),36.29,Five,True
The Haters,27.89,Five,True
The Girl You Lost,12.29,Five,True
The Girl In The Ice (DCI Erika Foster #1),15.85,Three,True
The End of the Jesus Era (An Investigation #1),14.40,One,True
The Edge of Reason (Bridget Jones #2),19.18,Four,True
The Complete Maus (Maus #1-2),10.64,Three,True
The Communist Manifesto,14.76,Three,True
The Bhagavad Gita,57.49,Three,True
The Bette Davis Club,30.66,Three,True
The Art of Not Breathing,40.83,Four,True
Taking Shots (Assassins #1),18.88,Two,True
Starlark,25.83,Three,True
"Skip Beat!, Vol. 01 (Skip Beat! #1)",42.12,Three,True
Sister Sable (The Mad Queen #1),13.33,Three,True
Shatter Me (Shatter Me #1),42.40,One,True
Shameless,58.35,Three,True
Shadow Rites (Jane Yellowrock #10),21.72,Four,True
Settling the Score (The Summer Games #1),44.91,Two,True
Sense and Sensibility,37.46,One,True
"Saga, Volume 1 (Saga (Collected Editions) #1)",28.48,One,True
"Rhythm, Chord & Malykhin",28.34,Two,True
"Rat Queens, Vol. 1: Sass & Sorcery (Rat Queens (Collected Editions) #1-5)",46.96,Five,True
Paradise Lost (Paradise #1),24.96,One,True
"Paper Girls, Vol. 1 (Paper Girls #1-5)",21.71,Four,True
"Ouran High School Host Club, Vol. 1 (Ouran High School Host Club #1)",29.87,Three,True
Origins (Alphas 0.5),28.99,One,True
One Second (Seven #7),52.94,Two,True
On the Road (Duluoz Legend),32.36,Three,True
Old Records Never Die: One Man's Quest for His Vinyl and His Past,55.66,Two,True
Off Sides (Off #1),39.45,Five,True
Of Mice and Men,47.11,Two,True
Myriad (Prentor #1),58.75,Four,True
My Perfect Mistake (Over the Top #1),38.92,Two,True
"Ms. Marvel, Vol. 1: No Normal (Ms. Marvel (2014-2015) #1)",39.39,Four,True
Meditations,25.89,Two,True
Matilda,28.34,One,True
Lost Among the Living,27.70,Four,True
Lord of the Flies,24.89,Three,True
Listen to Me (Fusion #1),58.99,Three,True
Kitchens of the Great Midwest,57.20,Five,True
Jane Eyre,38.43,Five,True
Imperfect Harmony,34.74,Four,True
Icing (Aces Hockey #2),40.44,Four,True
"Hawkeye, Vol. 1: My Life as a Weapon (Hawkeye #1)",45.24,Three,True
Having the Barbarian's Baby (Ice Planet Barbarians #7.5),34.96,Four,True
"Giant Days, Vol. 1 (Giant Days #1-4)",56.76,Four,True
"Fruits Basket, Vol. 1 (Fruits Basket #1)",40.28,Five,True
Frankenstein,38.00,Two,True
Forever Rockers (The Rocker #12),28.80,Three,True
Fighting Fate (Fighting #6),39.24,Three,True
Emma,32.93,Two,True
"Eat, Pray, Love",51.32,Three,True
Deep Under (Walker Security #1),47.09,Five,True
Choosing Our Religion: The Spiritual Lives of America's Nones,28.42,Four,True
Charlie and the Chocolate Factory (Charlie Bucket #1),22.85,Three,True
Charity's Cross (Charles Towne Belles #4),41.24,One,True
Bright Lines,39.07,Five,True
Bridget Jones's Diary (Bridget Jones #1),29.82,One,True
Bounty (Colorado Mountain #7),37.26,Four,True
Blood Defense (Samantha Brinkman #1),20.30,Three,True
"Bleach, Vol. 1: Strawberry and the Soul Reapers (Bleach #1)",34.65,Five,True
Beyond Good and Evil,43.38,One,True
Alice in Wonderland (Alice's Adventures in Wonderland #1),55.53,One,True
"Ajin: Demi-Human, Volume 1 (Ajin: Demi-Human #1)",57.06,Four,True
A Spy's Devotion (The Regency Spies of London #1),16.97,Five,True
1st to Die (Women's Murder Club #1),53.98,One,True
"1,000 Places to See Before You Die",26.08,Five,True
